project	sample	experiment	run	read_count_as_reported_by_sra	reads_downloaded	proportion_of_reads_reported_by_sra_downloaded	paired_end	sra_misreported_paired_end	mapped_read_count	auc	sharq_beta_tissue	sharq_beta_cell_type	biosample_submission_date	biosample_publication_date	biosample_update_date	avg_read_length	geo_accession	bigwig_file	title	characteristics
SRP032775	SRS499952	SRX374584	SRR1026870	40745020	40745020	1	TRUE	FALSE	39951612	3937855288	blood	esc	2013-11-07T07:51:08.380	2013-11-08T01:19:24.233	2014-02-27T01:32:16.227	202	GSM1260479	SRR1026870.bw	005a	c("time-point: Pre-infection", "infectious agent: n/a")
SRP032775	SRS499952	SRX374584	SRR1026871	41740706	41740706	1	TRUE	FALSE	40939070	4035255442	blood	esc	2013-11-07T07:51:08.380	2013-11-08T01:19:24.233	2014-02-27T01:32:16.227	202	GSM1260479	SRR1026871.bw	005a	c("time-point: Pre-infection", "infectious agent: n/a")
SRP032775	SRS499953	SRX374585	SRR1026872	73303660	73303660	1	TRUE	FALSE	71890963	7092237660	blood	esc	2013-11-07T07:50:14.870	2013-11-08T01:18:59.730	2014-02-27T01:32:16.600	202	GSM1260480	SRR1026872.bw	005b	c("time-point: Post-infection", "infectious agent: Plasmodium falciparum (Pf)")
SRP032775	SRS499954	SRX374586	SRR1026873	160688978	160688978	1	TRUE	FALSE	159219408	15779422323	blood	esc	2013-11-07T07:50:13.827	2013-11-08T01:19:01.607	2014-02-27T01:40:20.340	202	GSM1260481	SRR1026873.bw	018a	c("time-point: Pre-infection", "infectious agent: n/a")
SRP032775	SRS499955	SRX374587	SRR1026874	26386	26386	1	TRUE	FALSE	25997	2560894	blood	esc	2013-11-07T07:51:19.090	2013-11-08T01:15:47.467	2014-02-27T01:40:20.757	202	GSM1260482	SRR1026874.bw	018b	c("time-point: Post-infection", "infectious agent: Plasmodium falciparum (Pf)")
SRP032775	SRS499956	SRX374588	SRR1026875	48093850	48093850	1	TRUE	FALSE	46872662	4568188660	blood	esc	2013-11-07T07:50:12.547	2013-11-08T01:15:12.073	2014-02-27T01:40:21.097	202	GSM1260483	SRR1026875.bw	019a	c("time-point: Pre-infection", "infectious agent: n/a")
SRP032775	SRS499956	SRX374588	SRR1026876	47785954	47785954	1	TRUE	FALSE	46605938	4537747824	blood	esc	2013-11-07T07:50:12.547	2013-11-08T01:15:12.073	2014-02-27T01:40:21.097	202	GSM1260483	SRR1026876.bw	019a	c("time-point: Pre-infection", "infectious agent: n/a")
SRP032775	SRS499957	SRX374589	SRR1026877	62449108	62449108	1	TRUE	FALSE	60474675	5933800717	blood	esc	2013-11-07T07:50:17.160	2013-11-08T01:12:29.790	2014-02-27T01:40:21.423	202	GSM1260484	SRR1026877.bw	019b	c("time-point: Post-infection", "infectious agent: Plasmodium falciparum (Pf)")
SRP032775	SRS499957	SRX374589	SRR1026878	45648422	45648422	1	TRUE	FALSE	44096521	4324317705	blood	esc	2013-11-07T07:50:17.160	2013-11-08T01:12:29.790	2014-02-27T01:40:21.423	202	GSM1260484	SRR1026878.bw	019b	c("time-point: Post-infection", "infectious agent: Plasmodium falciparum (Pf)")
SRP032775	SRS499958	SRX374590	SRR1026879	125257216	125257216	1	TRUE	FALSE	124540896	12138597829	blood	esc	2013-11-07T07:50:56.970	2013-11-08T01:14:06.683	2014-02-27T01:40:21.827	202	GSM1260485	SRR1026879.bw	025a	c("time-point: Pre-infection", "infectious agent: n/a")
SRP032775	SRS499959	SRX374591	SRR1026880	132547124	132547124	1	TRUE	FALSE	131726112	12929205262	blood	esc	2013-11-07T07:50:16.107	2013-11-08T01:12:32.607	2014-02-27T01:40:22.413	202	GSM1260486	SRR1026880.bw	025b	c("time-point: Post-infection", "infectious agent: Plasmodium falciparum (Pf)")
SRP032775	SRS499960	SRX374592	SRR1026881	109232754	109232754	1	TRUE	FALSE	108130293	10673028988	blood	esc	2013-11-07T07:50:18.210	2013-11-08T01:14:14.057	2014-02-27T01:40:22.797	202	GSM1260487	SRR1026881.bw	029a	c("time-point: Pre-infection", "infectious agent: n/a")
SRP032775	SRS499960	SRX374592	SRR1026882	145317194	145317194	1	TRUE	FALSE	142965805	14101355938	blood	esc	2013-11-07T07:50:18.210	2013-11-08T01:14:14.057	2014-02-27T01:40:22.797	202	GSM1260487	SRR1026882.bw	029a	c("time-point: Pre-infection", "infectious agent: n/a")
SRP032775	SRS499961	SRX374593	SRR1026883	80284360	80284360	1	TRUE	FALSE	79233594	7838155186	blood	esc	2013-11-07T07:51:12.020	2013-11-08T01:12:34.213	2014-02-27T01:40:23.123	202	GSM1260488	SRR1026883.bw	029b	c("time-point: Post-infection", "infectious agent: Plasmodium falciparum (Pf)")
SRP032775	SRS499961	SRX374593	SRR1026884	80097182	80097182	1	TRUE	FALSE	79071130	7815089364	blood	esc	2013-11-07T07:51:12.020	2013-11-08T01:12:34.213	2014-02-27T01:40:23.123	202	GSM1260488	SRR1026884.bw	029b	c("time-point: Post-infection", "infectious agent: Plasmodium falciparum (Pf)")
SRP032775	SRS499962	SRX374594	SRR1026885	92800848	92800848	1	TRUE	FALSE	91523060	9058404575	blood	esc	2013-11-07T07:50:19.260	2013-11-08T01:14:15.983	2014-02-27T01:40:23.463	202	GSM1260489	SRR1026885.bw	039a	c("time-point: Pre-infection", "infectious agent: n/a")
SRP032775	SRS499962	SRX374594	SRR1026886	94951914	94951914	1	TRUE	FALSE	93668418	9270982825	blood	esc	2013-11-07T07:50:19.260	2013-11-08T01:14:15.983	2014-02-27T01:40:23.463	202	GSM1260489	SRR1026886.bw	039a	c("time-point: Pre-infection", "infectious agent: n/a")
SRP032775	SRS499963	SRX374595	SRR1026887	115548276	115548276	1	TRUE	FALSE	111544229	11033779097	blood	esc	2013-11-07T07:50:22.623	2013-11-08T01:13:34.347	2014-02-27T01:40:23.790	202	GSM1260490	SRR1026887.bw	039b	c("time-point: Post-infection", "infectious agent: Plasmodium falciparum (Pf)")
SRP032775	SRS499963	SRX374595	SRR1026888	115150460	115150460	1	TRUE	FALSE	111191549	11001406749	blood	esc	2013-11-07T07:50:22.623	2013-11-08T01:13:34.347	2014-02-27T01:40:23.790	202	GSM1260490	SRR1026888.bw	039b	c("time-point: Post-infection", "infectious agent: Plasmodium falciparum (Pf)")
SRP032775	SRS499964	SRX374596	SRR1026889	96940322	96940322	1	TRUE	FALSE	95690548	9419729595	blood	esc	2013-11-07T07:51:02.857	2013-11-08T01:14:22.037	2014-02-27T01:40:24.143	202	GSM1260491	SRR1026889.bw	047a	c("time-point: Pre-infection", "infectious agent: n/a")
SRP032775	SRS499965	SRX374597	SRR1026890	104861654	104861654	1	TRUE	FALSE	103410852	10145685593	blood	esc	2013-11-07T07:50:20.420	2013-11-08T01:13:36.367	2014-02-27T01:40:24.577	202	GSM1260492	SRR1026890.bw	047b	c("time-point: Post-infection", "infectious agent: Plasmodium falciparum (Pf)")
SRP032775	SRS499966	SRX374598	SRR1026891	73005110	73005110	1	TRUE	FALSE	72125648	7156667364	blood	esc	2013-11-07T07:50:21.487	2013-11-08T01:14:28.873	2014-02-27T01:40:24.967	202	GSM1260493	SRR1026891.bw	049a	c("time-point: Pre-infection", "infectious agent: n/a")
SRP032775	SRS499966	SRX374598	SRR1026892	72268722	72268722	1	TRUE	FALSE	71377461	7080327762	blood	esc	2013-11-07T07:50:21.487	2013-11-08T01:14:28.873	2014-02-27T01:40:24.967	202	GSM1260493	SRR1026892.bw	049a	c("time-point: Pre-infection", "infectious agent: n/a")
SRP032775	SRS499967	SRX374599	SRR1026893	70422900	70422900	1	TRUE	FALSE	64691150	6299144986	blood	esc	2013-11-07T07:50:58.820	2013-11-08T01:13:39.020	2014-02-27T01:40:25.287	202	GSM1260494	SRR1026893.bw	049b	c("time-point: Post-infection", "infectious agent: Plasmodium falciparum (Pf)")
SRP032775	SRS499967	SRX374599	SRR1026894	95203358	95203358	1	TRUE	FALSE	88530435	8651400301	blood	esc	2013-11-07T07:50:58.820	2013-11-08T01:13:39.020	2014-02-27T01:40:25.287	202	GSM1260494	SRR1026894.bw	049b	c("time-point: Post-infection", "infectious agent: Plasmodium falciparum (Pf)")
SRP032775	SRS499968	SRX374600	SRR1026895	51341602	51341602	1	TRUE	FALSE	50214734	4944140737	blood	esc	2013-11-07T07:50:23.640	2013-11-08T01:14:33.020	2014-02-27T01:40:25.630	202	GSM1260495	SRR1026895.bw	062a	c("time-point: Pre-infection", "infectious agent: n/a")
SRP032775	SRS499968	SRX374600	SRR1026896	51325320	51325320	1	TRUE	FALSE	50219719	4940802938	blood	esc	2013-11-07T07:50:23.640	2013-11-08T01:14:33.020	2014-02-27T01:40:25.630	202	GSM1260495	SRR1026896.bw	062a	c("time-point: Pre-infection", "infectious agent: n/a")
SRP032775	SRS499969	SRX374601	SRR1026897	10952	10952	1	TRUE	FALSE	9936	781972	blood	esc	2013-11-07T07:50:26.747	2013-11-08T01:13:41.260	2014-02-27T01:40:25.970	202	GSM1260496	SRR1026897.bw	062b	c("time-point: Post-infection", "infectious agent: Plasmodium falciparum (Pf)")
SRP032775	SRS499970	SRX374602	SRR1026898	65089484	65089484	1	TRUE	FALSE	64635412	6270186266	blood	esc	2013-11-07T07:51:17.370	2013-11-08T01:14:41.590	2014-02-27T01:40:26.550	202	GSM1260497	SRR1026898.bw	070a	c("time-point: Pre-infection", "infectious agent: n/a")
SRP032775	SRS499971	SRX374603	SRR1026899	63975208	63975208	1	TRUE	FALSE	63392690	6168149954	blood	esc	2013-11-07T07:50:24.660	2013-11-08T01:13:40.223	2014-02-27T01:40:26.940	202	GSM1260498	SRR1026899.bw	070b	c("time-point: Post-infection", "infectious agent: Plasmodium falciparum (Pf)")
SRP032775	SRS499972	SRX374604	SRR1026900	41575434	41575434	1	TRUE	FALSE	40808768	3989823639	blood	esc	2013-11-07T07:50:27.757	2013-11-08T01:14:35.040	2014-02-27T01:40:27.333	202	GSM1260499	SRR1026900.bw	089a	c("time-point: Pre-infection", "infectious agent: n/a")
SRP032775	SRS499973	SRX374605	SRR1026901	41556866	41556866	1	TRUE	FALSE	36072564	3231091488	blood	esc	2013-11-07T07:51:20.740	2013-11-08T01:13:42.347	2014-02-27T01:40:27.657	202	GSM1260500	SRR1026901.bw	089b	c("time-point: Post-infection", "infectious agent: Plasmodium falciparum (Pf)")
SRP032775	SRS499974	SRX374606	SRR1026902	70032868	70032868	1	TRUE	FALSE	69141964	6843731825	blood	esc	2013-11-07T07:50:25.727	2013-11-08T01:14:51.363	2014-02-27T01:40:28.013	202	GSM1260501	SRR1026902.bw	108a	c("time-point: Pre-infection", "infectious agent: n/a")
SRP032775	SRS499974	SRX374606	SRR1026903	67468300	67468300	1	TRUE	FALSE	66575935	6586812856	blood	esc	2013-11-07T07:50:25.727	2013-11-08T01:14:51.363	2014-02-27T01:40:28.013	202	GSM1260501	SRR1026903.bw	108a	c("time-point: Pre-infection", "infectious agent: n/a")
SRP032775	SRS499975	SRX374607	SRR1026904	56140728	56140728	1	TRUE	FALSE	55147203	5454068050	blood	esc	2013-11-07T07:50:35.877	2013-11-08T01:13:44.937	2014-02-27T01:40:28.377	202	GSM1260502	SRR1026904.bw	108b	c("time-point: Post-infection", "infectious agent: Plasmodium falciparum (Pf)")
SRP032775	SRS499975	SRX374607	SRR1026905	56310712	56310712	1	TRUE	FALSE	55322982	5471443955	blood	esc	2013-11-07T07:50:35.877	2013-11-08T01:13:44.937	2014-02-27T01:40:28.377	202	GSM1260502	SRR1026905.bw	108b	c("time-point: Post-infection", "infectious agent: Plasmodium falciparum (Pf)")
SRP032775	SRS499976	SRX374608	SRR1026906	54731986	54731986	1	TRUE	FALSE	53821887	5209945057	blood	esc	2013-11-07T07:51:00.820	2013-11-08T01:14:52.377	2014-02-27T01:40:28.777	202	GSM1260503	SRR1026906.bw	122a	c("time-point: Pre-infection", "infectious agent: n/a")
SRP032775	SRS499976	SRX374608	SRR1026907	53313290	53313290	1	TRUE	FALSE	52396785	5065889584	blood	esc	2013-11-07T07:51:00.820	2013-11-08T01:14:52.377	2014-02-27T01:40:28.777	202	GSM1260503	SRR1026907.bw	122a	c("time-point: Pre-infection", "infectious agent: n/a")
SRP032775	SRS499977	SRX374609	SRR1026908	88304520	88304520	1	TRUE	FALSE	87176238	8396412739	blood	esc	2013-11-07T07:50:28.850	2013-11-08T01:13:47.003	2014-02-27T01:40:29.140	202	GSM1260504	SRR1026908.bw	122b	c("time-point: Post-infection", "infectious agent: Plasmodium falciparum (Pf)")
SRP032775	SRS499977	SRX374609	SRR1026909	87661856	87661856	1	TRUE	FALSE	86524863	8328210365	blood	esc	2013-11-07T07:50:28.850	2013-11-08T01:13:47.003	2014-02-27T01:40:29.140	202	GSM1260504	SRR1026909.bw	122b	c("time-point: Post-infection", "infectious agent: Plasmodium falciparum (Pf)")
SRP032775	SRS499978	SRX374610	SRR1026910	75656872	75656872	1	TRUE	FALSE	74297477	7366119415	blood	esc	2013-11-07T07:50:41.710	2013-11-08T01:14:56.020	2014-02-27T01:40:29.530	202	GSM1260505	SRR1026910.bw	123a	c("time-point: Pre-infection", "infectious agent: n/a")
SRP032775	SRS499978	SRX374610	SRR1026911	77362418	77362418	1	TRUE	FALSE	75991122	7534015536	blood	esc	2013-11-07T07:50:41.710	2013-11-08T01:14:56.020	2014-02-27T01:40:29.530	202	GSM1260505	SRR1026911.bw	123a	c("time-point: Pre-infection", "infectious agent: n/a")
SRP032775	SRS499979	SRX374611	SRR1026912	93786578	93786578	1	TRUE	FALSE	92150074	9127202945	blood	esc	2013-11-07T07:50:54.907	2013-11-08T01:13:53.137	2014-02-27T01:40:29.927	202	GSM1260506	SRR1026912.bw	123b	c("time-point: Post-infection", "infectious agent: Plasmodium falciparum (Pf)")
SRP032775	SRS499979	SRX374611	SRR1026913	96510118	96510118	1	TRUE	FALSE	94854211	9394928978	blood	esc	2013-11-07T07:50:54.907	2013-11-08T01:13:53.137	2014-02-27T01:40:29.927	202	GSM1260506	SRR1026913.bw	123b	c("time-point: Post-infection", "infectious agent: Plasmodium falciparum (Pf)")
SRP032775	SRS499980	SRX374612	SRR1026914	109238824	109238824	1	TRUE	FALSE	107431302	10484040348	blood	esc	2013-11-07T07:50:30.800	2013-11-08T01:15:00.170	2014-02-27T01:40:30.263	202	GSM1260507	SRR1026914.bw	132a	c("time-point: Pre-infection", "infectious agent: n/a")
SRP032775	SRS499980	SRX374612	SRR1026915	128202532	128202532	1	TRUE	FALSE	126085965	12317297197	blood	esc	2013-11-07T07:50:30.800	2013-11-08T01:15:00.170	2014-02-27T01:40:30.263	202	GSM1260507	SRR1026915.bw	132a	c("time-point: Pre-infection", "infectious agent: n/a")
SRP032775	SRS499981	SRX374613	SRR1026916	209360710	209360710	1	TRUE	FALSE	206562273	20158752011	blood	esc	2013-11-07T07:50:32.613	2013-11-08T01:13:52.077	2014-02-27T01:32:16.957	202	GSM1260508	SRR1026916.bw	132b	c("time-point: Post-infection", "infectious agent: Plasmodium falciparum (Pf)")
SRP032775	SRS499981	SRX374613	SRR1026917	209528566	209528566	1	TRUE	FALSE	206767465	20156156693	blood	esc	2013-11-07T07:50:32.613	2013-11-08T01:13:52.077	2014-02-27T01:32:16.957	202	GSM1260508	SRR1026917.bw	132b	c("time-point: Post-infection", "infectious agent: Plasmodium falciparum (Pf)")
SRP032775	SRS499982	SRX374614	SRR1026918	49878874	49878874	1	TRUE	FALSE	49318740	4873801197	blood	esc	2013-11-07T07:51:13.700	2013-11-08T01:15:07.657	2014-02-27T01:32:17.307	202	GSM1260509	SRR1026918.bw	142a	c("time-point: Pre-infection", "infectious agent: n/a")
SRP032775	SRS499982	SRX374614	SRR1026919	50013130	50013130	1	TRUE	FALSE	49457597	4887689190	blood	esc	2013-11-07T07:51:13.700	2013-11-08T01:15:07.657	2014-02-27T01:32:17.307	202	GSM1260509	SRR1026919.bw	142a	c("time-point: Pre-infection", "infectious agent: n/a")
SRP032775	SRS499983	SRX374615	SRR1026920	63597192	63597192	1	TRUE	FALSE	61357930	6030086493	blood	esc	2013-11-07T07:50:34.330	2013-11-08T01:13:54.237	2014-02-27T01:32:17.637	202	GSM1260510	SRR1026920.bw	142b	c("time-point: Post-infection", "infectious agent: Plasmodium falciparum (Pf)")
SRP032775	SRS499983	SRX374615	SRR1026921	63782570	63782570	1	TRUE	FALSE	61546778	6049045674	blood	esc	2013-11-07T07:50:34.330	2013-11-08T01:13:54.237	2014-02-27T01:32:17.637	202	GSM1260510	SRR1026921.bw	142b	c("time-point: Post-infection", "infectious agent: Plasmodium falciparum (Pf)")
SRP032775	SRS499984	SRX374616	SRR1026922	61803340	61803340	1	TRUE	FALSE	55387170	5135370819	blood	esc	2013-11-07T07:50:43.343	2013-11-08T01:14:58.157	2014-02-27T01:32:17.993	202	GSM1260511	SRR1026922.bw	148a	c("time-point: Pre-infection", "infectious agent: n/a")
SRP032775	SRS499985	SRX374617	SRR1026923	56096786	56096786	1	TRUE	FALSE	30301667	2558481470	blood	esc	2013-11-07T07:51:10.017	2013-11-08T01:13:56.520	2014-02-27T01:32:18.640	202	GSM1260512	SRR1026923.bw	148b	c("time-point: Post-infection", "infectious agent: Plasmodium falciparum (Pf)")
SRP032775	SRS499986	SRX374618	SRR1026924	97657498	97657498	1	TRUE	FALSE	96453339	9539517982	blood	esc	2013-11-07T07:50:37.833	2013-11-08T01:15:05.443	2014-02-27T01:32:19.147	202	GSM1260513	SRR1026924.bw	168a	c("time-point: Pre-infection", "infectious agent: n/a")
SRP032775	SRS499987	SRX374619	SRR1026925	109730620	109730620	1	TRUE	FALSE	97064609	9318752461	blood	esc	2013-11-07T07:50:39.837	2013-11-08T01:11:48.780	2014-02-27T01:32:19.460	202	GSM1260514	SRR1026925.bw	168b	c("time-point: Post-infection", "infectious agent: Plasmodium falciparum (Pf)")
SRP032775	SRS499988	SRX374620	SRR1026926	101270640	101270640	1	TRUE	FALSE	99969455	9852718322	blood	esc	2013-11-07T07:51:04.920	2013-11-08T01:12:28.050	2014-02-27T01:37:12.837	202	GSM1260515	SRR1026926.bw	171a	c("time-point: Pre-infection", "infectious agent: n/a")
SRP032775	SRS499989	SRX374621	SRR1026927	117041662	117041662	1	TRUE	FALSE	115001092	11327734500	blood	esc	2013-11-07T07:50:45.357	2013-11-08T01:11:49.980	2014-02-27T01:37:13.553	202	GSM1260516	SRR1026927.bw	171b	c("time-point: Post-infection", "infectious agent: Plasmodium falciparum (Pf)")
SRP032775	SRS499990	SRX374622	SRR1026928	106465484	106465484	1	TRUE	FALSE	104869164	10195025904	blood	esc	2013-11-07T07:50:50.787	2013-11-08T01:13:51.083	2014-02-27T01:37:14.050	202	GSM1260517	SRR1026928.bw	216a	c("time-point: Pre-infection", "infectious agent: n/a")
SRP032775	SRS499991	SRX374623	SRR1026929	83600992	83600992	1	TRUE	FALSE	75362823	7202046085	blood	esc	2013-11-07T07:51:06.543	2013-11-08T01:12:03.110	2014-02-27T01:37:14.500	202	GSM1260518	SRR1026929.bw	216b	c("time-point: Post-infection", "infectious agent: Plasmodium falciparum (Pf)")
SRP032775	SRS499992	SRX374624	SRR1026930	49998228	49998228	1	TRUE	FALSE	48377941	4592226712	blood	esc	2013-11-07T07:50:47.207	2013-11-08T01:13:50.050	2014-02-27T01:37:14.900	202	GSM1260519	SRR1026930.bw	250a	c("time-point: Pre-infection", "infectious agent: n/a")
SRP032775	SRS499993	SRX374625	SRR1026931	71154748	71154748	1	TRUE	FALSE	67462275	6083972509	blood	esc	2013-11-07T07:50:52.767	2013-11-08T01:12:05.497	2014-02-27T01:37:15.293	202	GSM1260520	SRR1026931.bw	250b	c("time-point: Post-infection", "infectious agent: Plasmodium falciparum (Pf)")
SRP032775	SRS499994	SRX374626	SRR1026932	48845508	48845508	1	TRUE	FALSE	47956650	4699254243	blood	esc	2013-11-07T07:51:15.443	2013-11-08T01:13:58.190	2014-02-27T01:37:15.680	202	GSM1260521	SRR1026932.bw	263a	c("time-point: Pre-infection", "infectious agent: n/a")
SRP032775	SRS499994	SRX374626	SRR1026933	48287252	48287252	1	TRUE	FALSE	47396819	4642383953	blood	esc	2013-11-07T07:51:15.443	2013-11-08T01:13:58.190	2014-02-27T01:37:15.680	202	GSM1260521	SRR1026933.bw	263a	c("time-point: Pre-infection", "infectious agent: n/a")
SRP032775	SRS499995	SRX374627	SRR1026934	72297704	72297704	1	TRUE	FALSE	57133646	5504337476	blood	esc	2013-11-07T07:50:48.823	2013-11-08T01:12:15.217	2014-02-27T01:37:16.080	202	GSM1260522	SRR1026934.bw	263b	c("time-point: Post-infection", "infectious agent: Plasmodium falciparum (Pf)")
SRP032775	SRS499995	SRX374627	SRR1026935	72133488	72133488	1	TRUE	FALSE	57021265	5494631726	blood	esc	2013-11-07T07:50:48.823	2013-11-08T01:12:15.217	2014-02-27T01:37:16.080	202	GSM1260522	SRR1026935.bw	263b	c("time-point: Post-infection", "infectious agent: Plasmodium falciparum (Pf)")
SRP032775	SRS499996	SRX374628	SRR1026936	82532334	82532334	1	TRUE	FALSE	81540478	8046698920	blood	esc	2013-11-07T07:51:26.920	2013-11-08T01:13:55.307	2014-02-27T01:37:16.597	202	GSM1260523	SRR1026936.bw	264a	c("time-point: Pre-infection", "infectious agent: n/a")
SRP032775	SRS499996	SRX374628	SRR1026937	81525994	81525994	1	TRUE	FALSE	80532255	7943967378	blood	esc	2013-11-07T07:51:26.920	2013-11-08T01:13:55.307	2014-02-27T01:37:16.597	202	GSM1260523	SRR1026937.bw	264a	c("time-point: Pre-infection", "infectious agent: n/a")
SRP032775	SRS499997	SRX374629	SRR1026938	67446590	67446590	1	TRUE	FALSE	66221134	6436316948	blood	esc	2013-11-07T07:51:59.827	2013-11-08T01:12:16.880	2014-02-27T01:37:16.963	202	GSM1260524	SRR1026938.bw	264b	c("time-point: Post-infection", "infectious agent: Plasmodium falciparum (Pf)")
SRP032775	SRS499997	SRX374629	SRR1026939	66582646	66582646	1	TRUE	FALSE	65334993	6344676549	blood	esc	2013-11-07T07:51:59.827	2013-11-08T01:12:16.880	2014-02-27T01:37:16.963	202	GSM1260524	SRR1026939.bw	264b	c("time-point: Post-infection", "infectious agent: Plasmodium falciparum (Pf)")
SRP032775	SRS499998	SRX374630	SRR1026940	96291164	96291164	1	TRUE	FALSE	93494373	8563071596	blood	esc	2013-11-07T07:51:22.817	2013-11-08T01:13:59.827	2014-02-27T01:37:17.293	202	GSM1260525	SRR1026940.bw	265a	c("time-point: Pre-infection", "infectious agent: n/a")
SRP032775	SRS499999	SRX374631	SRR1026941	69093432	69093432	1	TRUE	FALSE	62430169	5668601732	blood	esc	2013-11-07T07:51:36.843	2013-11-08T01:12:23.010	2014-02-27T01:37:17.620	202	GSM1260526	SRR1026941.bw	265b	c("time-point: Post-infection", "infectious agent: Plasmodium falciparum (Pf)")
SRP032775	SRS500000	SRX374632	SRR1026942	80376014	80376014	1	TRUE	FALSE	78880201	7306743721	blood	esc	2013-11-07T07:52:11.497	2013-11-08T01:14:10.890	2014-02-27T01:37:17.967	202	GSM1260527	SRR1026942.bw	273a	c("time-point: Pre-infection", "infectious agent: n/a")
SRP032775	SRS500001	SRX374633	SRR1026943	175969548	175969548	1	TRUE	FALSE	173257700	15982294458	blood	esc	2013-11-07T07:51:24.860	2013-11-08T01:12:18.637	2014-02-27T01:37:18.307	202	GSM1260528	SRR1026943.bw	273b	c("time-point: Post-infection", "infectious agent: Plasmodium falciparum (Pf)")
SRP032775	SRS500002	SRX374634	SRR1026944	114020656	114020656	1	TRUE	FALSE	109531454	9482645976	blood	esc	2013-11-07T07:51:38.587	2013-11-08T01:14:04.663	2014-02-27T01:37:18.787	202	GSM1260529	SRR1026944.bw	274a	c("time-point: Pre-infection", "infectious agent: n/a")
SRP032775	SRS500003	SRX374635	SRR1026945	114777296	114777296	1	TRUE	FALSE	84766115	7258082942	blood	esc	2013-11-07T07:52:17.343	2013-11-08T01:12:24.407	2014-02-27T01:37:19.447	202	GSM1260530	SRR1026945.bw	274b	c("time-point: Post-infection", "infectious agent: Plasmodium falciparum (Pf)")
SRP032775	SRS500004	SRX374637	SRR1026947	40710250	40710250	1	TRUE	FALSE	39210856	3803368002	blood	esc	2013-11-07T07:51:40.170	2013-11-08T01:15:17.070	2014-02-27T01:37:19.803	202	GSM1260532	SRR1026947.bw	276b	c("time-point: Post-infection", "infectious agent: Plasmodium falciparum (Pf)")
SRP032775	SRS500005	SRX374636	SRR1026946	41868834	41868834	1	TRUE	FALSE	41272910	4049270645	blood	esc	2013-11-07T07:51:28.883	2013-11-08T01:14:03.050	2014-02-27T01:37:20.137	202	GSM1260531	SRR1026946.bw	276a	c("time-point: Pre-infection", "infectious agent: n/a")
SRP032775	SRS500006	SRX374638	SRR1026948	77991218	77991218	1	TRUE	FALSE	73097817	6185263472	blood	esc	2013-11-07T07:52:25.080	2013-11-08T01:15:27.050	2014-02-27T01:37:20.470	202	GSM1260533	SRR1026948.bw	277a	c("time-point: Pre-infection", "infectious agent: n/a")
SRP032775	SRS500007	SRX374639	SRR1026949	226254574	226254574	1	TRUE	FALSE	217370346	20138291164	blood	esc	2013-11-07T07:51:30.820	2013-11-08T01:15:43.123	2014-02-27T01:37:20.760	202	GSM1260534	SRR1026949.bw	277b	c("time-point: Post-infection", "infectious agent: Plasmodium falciparum (Pf)")
SRP032775	SRS500008	SRX374640	SRR1026950	76529058	76529058	1	TRUE	FALSE	72256338	6214454990	blood	esc	2013-11-07T07:51:42.173	2013-11-08T01:15:51.420	2014-02-27T01:37:21.057	202	GSM1260535	SRR1026950.bw	283a	c("time-point: Pre-infection", "infectious agent: n/a")
SRP032775	SRS500009	SRX374641	SRR1026951	103635010	103635010	1	TRUE	FALSE	100320083	8687348102	blood	esc	2013-11-07T07:52:27.067	2013-11-08T01:16:05.937	2014-02-27T01:37:21.347	202	GSM1260536	SRR1026951.bw	283b	c("time-point: Post-infection", "infectious agent: Plasmodium falciparum (Pf)")
SRP032775	SRS500010	SRX374642	SRR1026952	91400440	91400440	1	TRUE	FALSE	89043633	8386869502	blood	esc	2013-11-07T07:52:31.493	2013-11-08T01:12:31.120	2014-02-27T01:37:21.610	202	GSM1260537	SRR1026952.bw	292a	c("time-point: Pre-infection", "infectious agent: n/a")
SRP032775	SRS500011	SRX374643	SRR1026953	96190028	96190028	1	TRUE	FALSE	68581777	5978199954	blood	esc	2013-11-07T07:51:44.127	2013-11-08T01:11:51.150	2014-02-27T01:37:22.150	202	GSM1260538	SRR1026953.bw	292b	c("time-point: Post-infection", "infectious agent: Plasmodium falciparum (Pf)")
SRP032775	SRS500012	SRX374644	SRR1026954	61986634	61986634	1	TRUE	FALSE	61392795	6067735362	blood	esc	2013-11-07T07:51:32.760	2013-11-08T01:13:31.927	2014-02-27T01:37:22.713	202	GSM1260539	SRR1026954.bw	310a	c("time-point: Pre-infection", "infectious agent: n/a")
SRP032775	SRS500013	SRX374645	SRR1026955	70374622	70374622	1	TRUE	FALSE	68656121	6679871064	blood	esc	2013-11-07T07:51:50.013	2013-11-08T01:11:57.020	2014-02-27T01:37:22.967	202	GSM1260540	SRR1026955.bw	310b	c("time-point: Post-infection", "infectious agent: Plasmodium falciparum (Pf)")
SRP032775	SRS500014	SRX374646	SRR1026956	101430648	101430648	1	TRUE	FALSE	100340074	9854728688	blood	esc	2013-11-07T07:52:37.763	2013-11-08T01:13:43.850	2014-02-27T01:40:30.643	202	GSM1260541	SRR1026956.bw	311a	c("time-point: Pre-infection", "infectious agent: n/a")
SRP032775	SRS500015	SRX374647	SRR1026957	65686562	65686562	1	TRUE	FALSE	64966505	6255170157	blood	esc	2013-11-07T07:51:34.780	2013-11-08T01:11:55.857	2014-02-27T01:40:31.027	202	GSM1260542	SRR1026957.bw	311b	c("time-point: Post-infection", "infectious agent: Plasmodium falciparum (Pf)")
SRP032775	SRS500016	SRX374648	SRR1026958	42807910	42807910	1	TRUE	FALSE	41127235	3845137531	blood	esc	2013-11-07T07:51:55.987	2013-11-08T01:13:45.990	2014-02-27T01:40:31.423	202	GSM1260543	SRR1026958.bw	356a	c("time-point: Pre-infection", "infectious agent: n/a")
SRP032775	SRS500017	SRX374649	SRR1026959	50585854	50585854	1	TRUE	FALSE	48698077	4562346087	blood	esc	2013-11-07T07:52:01.830	2013-11-08T01:11:58.190	2014-02-27T01:40:31.890	202	GSM1260544	SRR1026959.bw	356b	c("time-point: Post-infection", "infectious agent: Plasmodium falciparum (Pf)")
SRP032775	SRS500018	SRX374650	SRR1026960	73933878	73933878	1	TRUE	FALSE	73124984	7194091890	blood	esc	2013-11-07T07:52:33.760	2013-11-08T01:13:47.997	2014-02-27T01:40:32.233	202	GSM1260545	SRR1026960.bw	371a	c("time-point: Pre-infection", "infectious agent: n/a")
SRP032775	SRS500019	SRX374651	SRR1026961	63400260	63400260	1	TRUE	FALSE	61530849	5999944108	blood	esc	2013-11-07T07:51:46.067	2013-11-08T01:11:59.283	2014-02-27T01:40:32.637	202	GSM1260546	SRR1026961.bw	371b	c("time-point: Post-infection", "infectious agent: Plasmodium falciparum (Pf)")
SRP032775	SRS500020	SRX374652	SRR1026962	103277228	103277228	1	TRUE	FALSE	100703019	9908033957	blood	esc	2013-11-07T07:52:05.780	2013-11-08T01:13:49.017	2014-02-27T01:40:32.970	202	GSM1260547	SRR1026962.bw	373a	c("time-point: Pre-infection", "infectious agent: n/a")
SRP032775	SRS500021	SRX374653	SRR1026963	106950262	106950262	1	TRUE	FALSE	104586387	10228710701	blood	esc	2013-11-07T07:52:35.683	2013-11-08T01:12:00.423	2014-02-27T01:40:33.340	202	GSM1260548	SRR1026963.bw	373b	c("time-point: Post-infection", "infectious agent: Plasmodium falciparum (Pf)")
SRP032775	SRS500022	SRX374654	SRR1026964	92994384	92994384	1	TRUE	FALSE	91731700	9066270129	blood	esc	2013-11-07T07:51:48.053	2013-11-08T01:15:29.027	2014-02-27T01:40:33.670	202	GSM1260549	SRR1026964.bw	379a	c("time-point: Pre-infection", "infectious agent: n/a")
SRP032775	SRS500022	SRX374654	SRR1026965	93079840	93079840	1	TRUE	FALSE	91857332	9074147173	blood	esc	2013-11-07T07:51:48.053	2013-11-08T01:15:29.027	2014-02-27T01:40:33.670	202	GSM1260549	SRR1026965.bw	379a	c("time-point: Pre-infection", "infectious agent: n/a")
SRP032775	SRS500023	SRX374655	SRR1026966	91607456	91607456	1	TRUE	FALSE	78911430	7589607205	blood	esc	2013-11-07T07:52:13.457	2013-11-08T01:15:25.107	2014-02-27T01:40:34.073	202	GSM1260550	SRR1026966.bw	379b	c("time-point: Post-infection", "infectious agent: Plasmodium falciparum (Pf)")
SRP032775	SRS500023	SRX374655	SRR1026967	88924672	88924672	1	TRUE	FALSE	76588211	7361207568	blood	esc	2013-11-07T07:52:13.457	2013-11-08T01:15:25.107	2014-02-27T01:40:34.073	202	GSM1260550	SRR1026967.bw	379b	c("time-point: Post-infection", "infectious agent: Plasmodium falciparum (Pf)")
SRP032775	SRS500024	SRX374656	SRR1026968	92178386	92178386	1	TRUE	FALSE	91547346	9038670002	blood	esc	2013-11-07T07:52:43.640	2013-11-08T01:16:03.930	2014-02-27T01:40:34.480	202	GSM1260551	SRR1026968.bw	383a	c("time-point: Pre-infection", "infectious agent: n/a")
SRP032775	SRS500025	SRX374657	SRR1026969	69327470	69327470	1	TRUE	FALSE	68665204	6718765352	blood	esc	2013-11-07T07:51:52.073	2013-11-08T01:15:31.087	2014-02-27T01:40:34.810	202	GSM1260552	SRR1026969.bw	383b	c("time-point: Post-infection", "infectious agent: Plasmodium falciparum (Pf)")
SRP032775	SRS500026	SRX374658	SRR1026970	72663830	72663830	1	TRUE	FALSE	71805972	7118751464	blood	esc	2013-11-07T07:52:09.573	2013-11-08T01:16:01.837	2014-02-27T01:40:35.137	202	GSM1260553	SRR1026970.bw	387a	c("time-point: Pre-infection", "infectious agent: n/a")
SRP032775	SRS500026	SRX374658	SRR1026971	72935672	72935672	1	TRUE	FALSE	72089131	7146626905	blood	esc	2013-11-07T07:52:09.573	2013-11-08T01:16:01.837	2014-02-27T01:40:35.137	202	GSM1260553	SRR1026971.bw	387a	c("time-point: Pre-infection", "infectious agent: n/a")
SRP032775	SRS500027	SRX374659	SRR1026972	66390958	66390958	1	TRUE	FALSE	65133963	6429125638	blood	esc	2013-11-07T07:52:47.620	2013-11-08T01:15:33.177	2014-02-27T01:40:35.530	202	GSM1260554	SRR1026972.bw	387b	c("time-point: Post-infection", "infectious agent: Plasmodium falciparum (Pf)")
SRP032775	SRS500027	SRX374659	SRR1026973	65683136	65683136	1	TRUE	FALSE	64457508	6356410636	blood	esc	2013-11-07T07:52:47.620	2013-11-08T01:15:33.177	2014-02-27T01:40:35.530	202	GSM1260554	SRR1026973.bw	387b	c("time-point: Post-infection", "infectious agent: Plasmodium falciparum (Pf)")
SRP032775	SRS500028	SRX374660	SRR1026974	37668648	37668648	1	TRUE	FALSE	37184541	3694021385	blood	esc	2013-11-07T07:51:54.023	2013-11-08T01:15:37.530	2014-02-27T01:40:35.870	202	GSM1260555	SRR1026974.bw	390a	c("time-point: Pre-infection", "infectious agent: n/a")
SRP032775	SRS500028	SRX374660	SRR1026975	38065506	38065506	1	TRUE	FALSE	37546553	3731014358	blood	esc	2013-11-07T07:51:54.023	2013-11-08T01:15:37.530	2014-02-27T01:40:35.870	202	GSM1260555	SRR1026975.bw	390a	c("time-point: Pre-infection", "infectious agent: n/a")
SRP032775	SRS500029	SRX374661	SRR1026976	57859462	57859462	1	TRUE	FALSE	57295942	5665425515	blood	esc	2013-11-07T07:52:21.250	2013-11-08T01:16:09.943	2014-02-27T01:40:36.327	202	GSM1260556	SRR1026976.bw	390b	c("time-point: Post-infection", "infectious agent: Plasmodium falciparum (Pf)")
SRP032775	SRS500029	SRX374661	SRR1026977	58149322	58149322	1	TRUE	FALSE	57601470	5697030983	blood	esc	2013-11-07T07:52:21.250	2013-11-08T01:16:09.943	2014-02-27T01:40:36.327	202	GSM1260556	SRR1026977.bw	390b	c("time-point: Post-infection", "infectious agent: Plasmodium falciparum (Pf)")
SRP032775	SRS500030	SRX374662	SRR1026978	34981968	34981968	1	TRUE	FALSE	34188195	3202127375	blood	esc	2013-11-07T07:52:49.633	2013-11-08T01:15:36.510	2014-02-27T01:40:36.690	202	GSM1260557	SRR1026978.bw	397a	c("time-point: Pre-infection", "infectious agent: n/a")
SRP032775	SRS500031	SRX374663	SRR1026979	70797534	70797534	1	TRUE	FALSE	49778705	4347049302	blood	esc	2013-11-07T07:51:57.860	2013-11-08T01:15:39.573	2014-02-27T01:40:37.047	202	GSM1260558	SRR1026979.bw	397b	c("time-point: Post-infection", "infectious agent: Plasmodium falciparum (Pf)")
SRP032775	SRS500032	SRX374664	SRR1026980	35754550	35754550	1	TRUE	FALSE	34859083	3325773655	blood	esc	2013-11-07T07:52:29.097	2013-11-08T01:15:55.477	2014-02-27T01:40:37.587	202	GSM1260559	SRR1026980.bw	400a	c("time-point: Pre-infection", "infectious agent: n/a")
SRP032775	SRS500033	SRX374665	SRR1026981	42943276	42943276	1	TRUE	FALSE	37342282	3416888185	blood	esc	2013-11-07T07:52:55.553	2013-11-08T01:15:57.590	2014-02-27T01:40:37.987	202	GSM1260560	SRR1026981.bw	400b	c("time-point: Post-infection", "infectious agent: Plasmodium falciparum (Pf)")
SRP032775	SRS500034	SRX374666	SRR1026982	95253224	95253224	1	TRUE	FALSE	94133867	9262222240	blood	esc	2013-11-07T07:52:03.823	2013-11-08T01:16:07.910	2014-02-27T01:40:38.457	202	GSM1260561	SRR1026982.bw	413a	c("time-point: Pre-infection", "infectious agent: n/a")
SRP032775	SRS500034	SRX374666	SRR1026983	101816488	101816488	1	TRUE	FALSE	100630580	9907488192	blood	esc	2013-11-07T07:52:03.823	2013-11-08T01:16:07.910	2014-02-27T01:40:38.457	202	GSM1260561	SRR1026983.bw	413a	c("time-point: Pre-infection", "infectious agent: n/a")
SRP032775	SRS500035	SRX374667	SRR1026984	101091678	101091678	1	TRUE	FALSE	99979986	9863012707	blood	esc	2013-11-07T07:52:39.757	2013-11-08T01:16:11.923	2014-02-27T01:40:38.830	202	GSM1260562	SRR1026984.bw	413b	c("time-point: Post-infection", "infectious agent: Plasmodium falciparum (Pf)")
SRP032775	SRS500035	SRX374667	SRR1026985	101129474	101129474	1	TRUE	FALSE	100042945	9871195386	blood	esc	2013-11-07T07:52:39.757	2013-11-08T01:16:11.923	2014-02-27T01:40:38.830	202	GSM1260562	SRR1026985.bw	413b	c("time-point: Post-infection", "infectious agent: Plasmodium falciparum (Pf)")
SRP032775	SRS500036	SRX374668	SRR1026986	50175756	50175756	1	TRUE	FALSE	49515544	4797930076	blood	esc	2013-11-07T07:52:57.523	2013-11-08T01:15:59.617	2014-02-27T01:40:39.217	202	GSM1260563	SRR1026986.bw	418a	c("time-point: Pre-infection", "infectious agent: n/a")
SRP032775	SRS500037	SRX374669	SRR1026987	34528468	34528468	1	TRUE	FALSE	33371394	3217705974	blood	esc	2013-11-07T07:52:07.640	2013-11-08T01:16:29.827	2014-02-27T01:40:39.567	202	GSM1260564	SRR1026987.bw	418b	c("time-point: Post-infection", "infectious agent: Plasmodium falciparum (Pf)")
SRP032775	SRS500038	SRX374670	SRR1026988	28534310	28534310	1	TRUE	FALSE	27753427	2682585101	blood	esc	2013-11-07T07:52:41.700	2013-11-08T01:16:30.847	2014-02-27T01:40:39.933	202	GSM1260565	SRR1026988.bw	422a	c("time-point: Pre-infection", "infectious agent: n/a")
SRP032775	SRS500039	SRX374671	SRR1026989	77388568	77388568	1	TRUE	FALSE	73417865	6569627278	blood	esc	2013-11-07T07:52:15.343	2013-11-08T01:16:34.663	2014-02-27T01:40:40.483	202	GSM1260566	SRR1026989.bw	422b	c("time-point: Post-infection", "infectious agent: Plasmodium falciparum (Pf)")
SRP032775	SRS500040	SRX374672	SRR1026990	72672188	72672188	1	TRUE	FALSE	71827661	7100410953	blood	esc	2013-11-07T07:53:07.827	2013-11-08T01:16:44.990	2014-02-27T01:40:40.867	202	GSM1260567	SRR1026990.bw	425a	c("time-point: Pre-infection", "infectious agent: n/a")
SRP032775	SRS500041	SRX374673	SRR1026991	81419790	81419790	1	TRUE	FALSE	61613607	5815292931	blood	esc	2013-11-07T07:53:01.673	2013-11-08T01:16:13.943	2014-02-27T01:40:41.247	202	GSM1260568	SRR1026991.bw	425b	c("time-point: Post-infection", "infectious agent: Plasmodium falciparum (Pf)")
SRP032775	SRS500042	SRX374674	SRR1026992	24522676	24522676	1	TRUE	FALSE	24231235	2343847380	blood	esc	2013-11-07T07:52:19.247	2013-11-08T01:16:15.957	2014-02-27T01:40:41.700	202	GSM1260569	SRR1026992.bw	427a	c("time-point: Pre-infection", "infectious agent: n/a")
SRP032775	SRS500043	SRX374675	SRR1026993	58696490	58696490	1	TRUE	FALSE	58012898	5451312274	blood	esc	2013-11-07T07:52:45.640	2013-11-08T01:16:18.017	2014-02-27T01:40:42.080	202	GSM1260570	SRR1026993.bw	427b	c("time-point: Post-infection", "infectious agent: Plasmodium falciparum (Pf)")
SRP032775	SRS500044	SRX374676	SRR1026994	41242080	41242080	1	TRUE	FALSE	39551583	3580767077	blood	esc	2013-11-07T07:53:05.683	2013-11-08T01:16:20.013	2014-02-27T01:40:42.803	202	GSM1260571	SRR1026994.bw	428a	c("time-point: Pre-infection", "infectious agent: n/a")
SRP032775	SRS500045	SRX374677	SRR1026995	30029770	30029770	1	TRUE	FALSE	29126020	2717532525	blood	esc	2013-11-07T07:53:22.140	2013-11-08T01:16:51.500	2014-02-27T01:40:43.230	202	GSM1260572	SRR1026995.bw	428b	c("time-point: Post-infection", "infectious agent: Plasmodium falciparum (Pf)")
SRP032775	SRS500046	SRX374678	SRR1026996	132783330	132783330	1	TRUE	FALSE	131181769	12971441644	blood	esc	2013-11-07T07:52:23.153	2013-11-08T01:16:22.113	2014-02-27T01:40:43.583	202	GSM1260573	SRR1026996.bw	429a	c("time-point: Pre-infection", "infectious agent: n/a")
SRP032775	SRS500046	SRX374678	SRR1026997	132722528	132722528	1	TRUE	FALSE	131082614	12967649541	blood	esc	2013-11-07T07:52:23.153	2013-11-08T01:16:22.113	2014-02-27T01:40:43.583	202	GSM1260573	SRR1026997.bw	429a	c("time-point: Pre-infection", "infectious agent: n/a")
SRP032775	SRS500047	SRX374679	SRR1026998	91194440	91194440	1	TRUE	FALSE	65484867	5898607783	blood	esc	2013-11-07T07:53:09.863	2013-11-08T01:17:18.650	2014-02-27T01:40:43.877	202	GSM1260574	SRR1026998.bw	429b	c("time-point: Post-infection", "infectious agent: Plasmodium falciparum (Pf)")
SRP032775	SRS500047	SRX374679	SRR1026999	85753002	85753002	1	TRUE	FALSE	62611242	5822114114	blood	esc	2013-11-07T07:53:09.863	2013-11-08T01:17:18.650	2014-02-27T01:40:43.877	202	GSM1260574	SRR1026999.bw	429b	c("time-point: Post-infection", "infectious agent: Plasmodium falciparum (Pf)")
SRP032775	SRS500048	SRX374680	SRR1027000	123124078	123124078	1	TRUE	FALSE	122335441	11997195262	blood	esc	2013-11-07T07:53:20.120	2013-11-08T01:17:23.170	2014-02-27T01:40:44.207	202	GSM1260575	SRR1027000.bw	454a	c("time-point: Pre-infection", "infectious agent: n/a")
SRP032775	SRS500049	SRX374681	SRR1027001	118319606	118319606	1	TRUE	FALSE	114787014	11215220031	blood	esc	2013-11-07T07:52:51.580	2013-11-08T01:17:27.287	2014-02-27T01:40:44.580	202	GSM1260576	SRR1027001.bw	454b	c("time-point: Post-infection", "infectious agent: Plasmodium falciparum (Pf)")
SRP032775	SRS500050	SRX374682	SRR1027002	223336650	223336650	1	TRUE	FALSE	212726802	19432201612	blood	esc	2013-11-07T07:53:11.900	2013-11-08T01:17:33.670	2014-02-27T01:40:44.930	202	GSM1260577	SRR1027002.bw	478a	c("time-point: Pre-infection", "infectious agent: n/a")
SRP032775	SRS500051	SRX374683	SRR1027003	28289160	28289160	1	TRUE	FALSE	22842203	2079906295	blood	esc	2013-11-07T07:53:24.113	2013-11-08T01:17:45.523	2014-02-27T01:40:45.417	202	GSM1260578	SRR1027003.bw	478b	c("time-point: Post-infection", "infectious agent: Plasmodium falciparum (Pf)")
SRP032775	SRS500052	SRX374684	SRR1027004	83073970	83073970	1	TRUE	FALSE	80156633	7269270534	blood	esc	2013-11-07T07:52:53.563	2013-11-08T01:17:29.607	2014-02-27T01:40:45.813	202	GSM1260579	SRR1027004.bw	482a	c("time-point: Pre-infection", "infectious agent: n/a")
SRP032775	SRS500053	SRX374685	SRR1027005	102569660	102569660	1	TRUE	FALSE	63078610	4948187513	blood	esc	2013-11-07T07:53:16.090	2013-11-08T01:17:31.640	2014-02-27T01:40:46.340	202	GSM1260580	SRR1027005.bw	482b	c("time-point: Post-infection", "infectious agent: Plasmodium falciparum (Pf)")
SRP032775	SRS500054	SRX374686	SRR1027006	68403570	68403570	1	TRUE	FALSE	66549526	6427575498	blood	esc	2013-11-07T07:53:26.057	2013-11-08T01:17:37.680	2014-02-27T01:40:46.710	202	GSM1260581	SRR1027006.bw	488a	c("time-point: Pre-infection", "infectious agent: n/a")
SRP032775	SRS500055	SRX374687	SRR1027007	61454290	61454290	1	TRUE	FALSE	60225322	5912616505	blood	esc	2013-11-07T07:52:59.580	2013-11-08T01:17:51.593	2014-02-27T01:40:47.030	202	GSM1260582	SRR1027007.bw	488b	c("time-point: Post-infection", "infectious agent: Plasmodium falciparum (Pf)")
SRP032775	SRS500056	SRX374688	SRR1027008	46711546	46711546	1	TRUE	FALSE	45910219	4436638625	blood	esc	2013-11-07T07:53:14.100	2013-11-08T01:18:11.270	2014-02-27T01:40:47.577	202	GSM1260583	SRR1027008.bw	490a	c("time-point: Pre-infection", "infectious agent: n/a")
SRP032775	SRS500057	SRX374689	SRR1027009	45593602	45593602	1	TRUE	FALSE	35981316	3326340006	blood	esc	2013-11-07T07:53:28.057	2013-11-08T01:17:59.697	2014-02-27T01:40:47.953	202	GSM1260584	SRR1027009.bw	490b	c("time-point: Post-infection", "infectious agent: Plasmodium falciparum (Pf)")
SRP032775	SRS500058	SRX374690	SRR1027010	62870692	62870692	1	TRUE	FALSE	62201371	6117628375	blood	esc	2013-11-07T07:53:03.703	2013-11-08T01:18:01.883	2014-02-27T01:37:23.283	202	GSM1260585	SRR1027010.bw	505a	c("time-point: Pre-infection", "infectious agent: n/a")
SRP032775	SRS500059	SRX374691	SRR1027011	54419752	54419752	1	TRUE	FALSE	38729100	3500092781	blood	esc	2013-11-07T07:53:18.050	2013-11-08T01:18:13.370	2014-02-27T01:40:48.337	202	GSM1260586	SRR1027011.bw	505b	c("time-point: Post-infection", "infectious agent: Plasmodium falciparum (Pf)")
SRP032775	SRS562493	SRX476779	SRR1177668	78770906	78770906	1	TRUE	FALSE	75938584	7440369146	blood	esc	2014-02-26T19:01:10.607	2014-02-27T00:44:06.237	2014-02-27T01:24:29.167	202	GSM1335669	SRR1177668.bw	014b	c("time point: post-infection", "tissue: whole blood", "infectious agent: Plasmodium falciparum (Pf)")
SRP032775	SRS562494	SRX476778	SRR1177667	114456776	114456776	1	TRUE	FALSE	113898579	11199299202	blood	esc	2014-02-26T19:01:03.673	2014-02-27T00:44:06.143	2014-02-27T01:24:30.060	202	GSM1335668	SRR1177667.bw	014a	c("time point: pre-infection", "tissue: whole blood", "infectious agent: n/a")
SRP032775	SRS562495	SRX476780	SRR1177669	67944788	67944788	1	TRUE	FALSE	67687933	6620782357	blood	esc	2014-02-26T19:01:15.410	2014-02-27T00:44:06.297	2014-02-27T01:24:30.767	202	GSM1335670	SRR1177669.bw	054a	c("time point: pre-infection", "tissue: whole blood", "infectious agent: n/a")
SRP032775	SRS562496	SRX476781	SRR1177670	103490484	103490484	1	TRUE	FALSE	94529808	9186901095	blood	esc	2014-02-26T19:01:05.967	2014-02-27T00:44:06.173	2014-04-29T03:11:15.827	202	GSM1335671	SRR1177670.bw	054b	c("time point: post-infection", "tissue: whole blood", "infectious agent: Plasmodium falciparum (Pf)")
SRP032775	SRS562497	SRX476782	SRR1177671	135627272	135627272	1	TRUE	FALSE	133965268	12933225478	blood	esc	2014-02-26T19:01:13.087	2014-02-27T00:44:06.267	2014-02-27T01:24:31.393	202	GSM1335672	SRR1177671.bw	059a	c("time point: pre-infection", "tissue: whole blood", "infectious agent: n/a")
SRP032775	SRS562498	SRX476783	SRR1177672	87583500	87583500	1	TRUE	FALSE	80117542	7733787502	blood	esc	2014-02-26T19:01:08.210	2014-02-27T00:44:06.207	2014-02-27T01:24:31.910	202	GSM1335673	SRR1177672.bw	059b	c("time point: post-infection", "tissue: whole blood", "infectious agent: Plasmodium falciparum (Pf)")
SRP032775	SRS562499	SRX476784	SRR1177673	88801708	88801708	1	TRUE	FALSE	88262901	8657529827	blood	esc	2014-02-26T19:01:17.650	2014-02-27T00:44:06.327	2014-02-27T01:24:32.473	202	GSM1335674	SRR1177673.bw	064a	c("time point: pre-infection", "tissue: whole blood", "infectious agent: n/a")
SRP032775	SRS562500	SRX476785	SRR1177674	92903110	92903110	1	TRUE	FALSE	85115346	8237458379	blood	esc	2014-02-26T19:01:26.677	2014-02-27T00:44:06.460	2014-02-27T01:24:33.037	202	GSM1335675	SRR1177674.bw	064b	c("time point: post-infection", "tissue: whole blood", "infectious agent: Plasmodium falciparum (Pf)")
SRP032775	SRS562501	SRX476786	SRR1177675	114270972	114270972	1	TRUE	FALSE	113718474	11199500278	blood	esc	2014-02-26T19:01:24.350	2014-02-27T00:44:06.427	2014-02-27T01:24:33.513	202	GSM1335676	SRR1177675.bw	065a	c("time point: pre-infection", "tissue: whole blood", "infectious agent: n/a")
SRP032775	SRS562502	SRX476787	SRR1177676	77288438	77288438	1	TRUE	FALSE	54106903	5085169884	blood	esc	2014-02-26T19:01:29.170	2014-02-27T00:44:06.493	2014-02-27T01:24:33.967	202	GSM1335677	SRR1177676.bw	065b	c("time point: post-infection", "tissue: whole blood", "infectious agent: Plasmodium falciparum (Pf)")
SRP032775	SRS562503	SRX476788	SRR1177677	60388624	60388624	1	TRUE	FALSE	60063283	5803243251	blood	esc	2014-02-26T19:01:19.870	2014-02-27T00:44:06.360	2014-02-27T01:24:34.517	202	GSM1335678	SRR1177677.bw	076a	c("time point: pre-infection", "tissue: whole blood", "infectious agent: n/a")
SRP032775	SRS562504	SRX476789	SRR1177678	83068708	83068708	1	TRUE	FALSE	82698250	8035605876	blood	esc	2014-02-26T19:01:22.090	2014-02-27T00:44:06.390	2014-02-27T01:24:35.040	202	GSM1335679	SRR1177678.bw	076b	c("time point: post-infection", "tissue: whole blood", "infectious agent: Plasmodium falciparum (Pf)")
SRP032775	SRS562505	SRX476790	SRR1177679	77223334	77223334	1	TRUE	FALSE	76659653	7564322000	blood	esc	2014-02-26T19:01:31.487	2014-02-27T00:44:06.527	2014-02-27T01:24:35.820	202	GSM1335680	SRR1177679.bw	079a	c("time point: pre-infection", "tissue: whole blood", "infectious agent: n/a")
SRP032775	SRS562506	SRX476791	SRR1177680	63572718	63572718	1	TRUE	FALSE	62959973	6165446355	blood	esc	2014-02-26T19:01:36.707	2014-02-27T00:44:06.593	2014-02-27T01:24:36.483	202	GSM1335681	SRR1177680.bw	079b	c("time point: post-infection", "tissue: whole blood", "infectious agent: Plasmodium falciparum (Pf)")
SRP032775	SRS562507	SRX476792	SRR1177681	62096690	62096690	1	TRUE	FALSE	61508233	6006945758	blood	esc	2014-02-26T19:01:33.723	2014-02-27T00:44:06.560	2014-02-27T01:24:36.993	202	GSM1335682	SRR1177681.bw	080a	c("time point: pre-infection", "tissue: whole blood", "infectious agent: n/a")
SRP032775	SRS562508	SRX476793	SRR1177682	72599992	72599992	1	TRUE	FALSE	72084913	7022951589	blood	esc	2014-02-26T19:01:41.450	2014-02-27T00:44:06.660	2014-02-27T01:24:37.607	202	GSM1335683	SRR1177682.bw	080b	c("time point: post-infection", "tissue: whole blood", "infectious agent: Plasmodium falciparum (Pf)")
SRP032775	SRS562509	SRX476794	SRR1177683	85484498	85484498	1	TRUE	FALSE	84810692	8259597740	blood	esc	2014-02-26T19:01:46.203	2014-02-27T00:44:06.730	2014-02-27T01:24:38.250	202	GSM1335684	SRR1177683.bw	081a	c("time point: pre-infection", "tissue: whole blood", "infectious agent: n/a")
SRP032775	SRS562510	SRX476795	SRR1177684	94626050	94626050	1	TRUE	FALSE	92749378	8982871640	blood	esc	2014-02-26T19:01:48.473	2014-02-27T00:44:06.763	2014-02-27T01:24:38.813	202	GSM1335685	SRR1177684.bw	081b	c("time point: post-infection", "tissue: whole blood", "infectious agent: Plasmodium falciparum (Pf)")
SRP032775	SRS562511	SRX476796	SRR1177685	75647484	75647484	1	TRUE	FALSE	75286495	7345496201	blood	esc	2014-02-26T19:01:57.820	2014-02-27T00:44:06.893	2014-02-27T01:24:39.333	202	GSM1335686	SRR1177685.bw	111a	c("time point: pre-infection", "tissue: whole blood", "infectious agent: n/a")
SRP032775	SRS562512	SRX476797	SRR1177686	63394066	63394066	1	TRUE	FALSE	53307201	5020008595	blood	esc	2014-02-26T19:02:11.860	2014-02-27T00:44:07.090	2014-02-27T01:24:39.947	202	GSM1335687	SRR1177686.bw	111b	c("time point: post-infection", "tissue: whole blood", "infectious agent: Plasmodium falciparum (Pf)")
SRP032775	SRS562513	SRX476798	SRR1177687	92200914	92200914	1	TRUE	FALSE	91678125	8953643711	blood	esc	2014-02-26T19:02:14.407	2014-02-27T00:44:07.120	2014-02-27T01:24:40.450	202	GSM1335688	SRR1177687.bw	120a	c("time point: pre-infection", "tissue: whole blood", "infectious agent: n/a")
SRP032775	SRS562514	SRX476799	SRR1177688	65328222	65328222	1	TRUE	FALSE	62338283	6072685557	blood	esc	2014-02-26T19:01:53.070	2014-02-27T00:44:06.830	2014-02-27T01:24:40.940	202	GSM1335689	SRR1177688.bw	120b	c("time point: post-infection", "tissue: whole blood", "infectious agent: Plasmodium falciparum (Pf)")
SRP032775	SRS562515	SRX476800	SRR1177689	91524694	91524694	1	TRUE	FALSE	90723094	8856665173	blood	esc	2014-02-26T19:02:00.050	2014-02-27T00:44:06.927	2014-02-27T01:24:41.383	202	GSM1335690	SRR1177689.bw	135a	c("time point: pre-infection", "tissue: whole blood", "infectious agent: n/a")
SRP032775	SRS562516	SRX476801	SRR1177690	70285220	70285220	1	TRUE	FALSE	69641804	6839885442	blood	esc	2014-02-26T19:01:39.040	2014-02-27T00:44:06.627	2014-02-27T01:24:41.907	202	GSM1335691	SRR1177690.bw	135b	c("time point: post-infection", "tissue: whole blood", "infectious agent: Plasmodium falciparum (Pf)")
SRP032775	SRS562517	SRX476802	SRR1177691	95442814	95442814	1	TRUE	FALSE	94393064	9250192436	blood	esc	2014-02-26T19:01:50.737	2014-02-27T00:44:06.797	2014-02-27T01:24:42.330	202	GSM1335692	SRR1177691.bw	153a	c("time point: pre-infection", "tissue: whole blood", "infectious agent: n/a")
SRP032775	SRS562518	SRX476803	SRR1177692	61056664	61056664	1	TRUE	FALSE	59758205	5619409790	blood	esc	2014-02-26T19:01:43.810	2014-02-27T00:44:06.697	2014-02-27T01:21:13.620	202	GSM1335693	SRR1177692.bw	153b	c("time point: post-infection", "tissue: whole blood", "infectious agent: Plasmodium falciparum (Pf)")
SRP032775	SRS562519	SRX476804	SRR1177693	62335888	62335888	1	TRUE	FALSE	49036728	4592648491	blood	esc	2014-02-26T19:02:02.383	2014-02-27T00:44:06.960	2014-02-27T01:21:14.003	202	GSM1335694	SRR1177693.bw	154a	c("time point: pre-infection", "tissue: whole blood", "infectious agent: n/a")
SRP032775	SRS562520	SRX476805	SRR1177694	125446688	125446688	1	TRUE	FALSE	123375153	12161136898	blood	esc	2014-02-26T19:01:55.347	2014-02-27T00:44:06.860	2014-02-27T01:21:14.410	202	GSM1335695	SRR1177694.bw	154b	c("time point: post-infection", "tissue: whole blood", "infectious agent: Plasmodium falciparum (Pf)")
SRP032775	SRS562521	SRX476806	SRR1177695	97194038	97194038	1	TRUE	FALSE	96153805	9401260651	blood	esc	2014-02-26T19:02:34.200	2014-02-27T00:44:07.410	2014-02-27T01:24:42.857	202	GSM1335696	SRR1177695.bw	158a	c("time point: pre-infection", "tissue: whole blood", "infectious agent: n/a")
SRP032775	SRS562522	SRX476808	SRR1177697	50175644	50175644	1	TRUE	FALSE	48417232	4503673206	blood	esc	2014-02-26T19:02:07.200	2014-02-27T00:44:07.023	2014-02-27T01:24:43.370	202	GSM1335698	SRR1177697.bw	182a	c("time point: pre-infection", "tissue: whole blood", "infectious agent: n/a")
SRP032775	SRS562523	SRX476807	SRR1177696	97568808	97568808	1	TRUE	FALSE	92930370	8956757799	blood	esc	2014-02-26T19:02:09.507	2014-02-27T00:44:07.057	2014-02-27T01:21:14.847	202	GSM1335697	SRR1177696.bw	158b	c("time point: post-infection", "tissue: whole blood", "infectious agent: Plasmodium falciparum (Pf)")
SRP032775	SRS562524	SRX476809	SRR1177698	58886296	58886296	1	TRUE	FALSE	52981157	5044433125	blood	esc	2014-02-26T19:02:05.007	2014-02-27T00:44:06.990	2014-02-27T01:21:15.257	202	GSM1335699	SRR1177698.bw	182b	c("time point: post-infection", "tissue: whole blood", "infectious agent: Plasmodium falciparum (Pf)")
SRP032775	SRS562526	SRX476811	SRR1177700	66874108	66874108	1	TRUE	FALSE	64332359	6146319819	blood	esc	2014-02-26T19:02:42.610	2014-02-27T00:44:07.493	2014-04-29T03:11:16.187	202	GSM1335701	SRR1177700.bw	184b	c("time point: post-infection", "tissue: whole blood", "infectious agent: Plasmodium falciparum (Pf)")
SRP032775	SRS562527	SRX476812	SRR1177701	52482734	52482734	1	TRUE	FALSE	50946812	4961482981	blood	esc	2014-02-26T19:02:19.220	2014-02-27T00:44:07.187	2014-02-27T01:24:44.407	202	GSM1335702	SRR1177701.bw	210a	c("time point: pre-infection", "tissue: whole blood", "infectious agent: n/a")
SRP032775	SRS562528	SRX476813	SRR1177702	1463518	1463518	1	TRUE	FALSE	841003	67843044	blood	esc	2014-02-26T19:02:29.297	2014-02-27T00:44:07.350	2014-02-27T01:21:15.753	202	GSM1335703	SRR1177702.bw	210b	c("time point: post-infection", "tissue: whole blood", "infectious agent: Plasmodium falciparum (Pf)")
SRP032775	SRS562529	SRX476814	SRR1177703	70253814	70253814	1	TRUE	FALSE	67713068	6549019671	blood	esc	2014-02-26T19:02:24.193	2014-02-27T00:44:07.250	2014-02-27T01:24:45.060	202	GSM1335704	SRR1177703.bw	212a	c("time point: pre-infection", "tissue: whole blood", "infectious agent: n/a")
SRP032775	SRS562530	SRX476815	SRR1177704	98313916	98313916	1	TRUE	FALSE	56626311	4411925210	blood	esc	2014-02-26T19:02:26.853	2014-02-27T00:44:07.283	2014-02-27T01:24:45.697	202	GSM1335705	SRR1177704.bw	212b	c("time point: post-infection", "tissue: whole blood", "infectious agent: Plasmodium falciparum (Pf)")
SRP032775	SRS562531	SRX476816	SRR1177705	81399904	81399904	1	TRUE	FALSE	80763948	7928158333	blood	esc	2014-02-26T19:02:21.660	2014-02-27T00:44:07.220	2014-02-27T01:24:46.417	202	GSM1335706	SRR1177705.bw	214a	c("time point: pre-infection", "tissue: whole blood", "infectious agent: n/a")
SRP032775	SRS562532	SRX476817	SRR1177706	38217622	38217622	1	TRUE	FALSE	37630415	3628913768	blood	esc	2014-02-26T19:02:31.817	2014-02-27T00:44:07.380	2014-02-27T01:24:46.883	202	GSM1335707	SRR1177706.bw	214b	c("time point: post-infection", "tissue: whole blood", "infectious agent: Plasmodium falciparum (Pf)")
SRP032775	SRS562533	SRX476818	SRR1177707	58200706	58200706	1	TRUE	FALSE	57566386	5608995445	blood	esc	2014-02-26T19:02:36.600	2014-02-27T00:44:07.437	2014-02-27T01:24:47.410	202	GSM1335708	SRR1177707.bw	215a	c("time point: pre-infection", "tissue: whole blood", "infectious agent: n/a")
SRP032775	SRS562534	SRX476819	SRR1177708	73856440	73856440	1	TRUE	FALSE	72884666	7154934316	blood	esc	2014-02-26T19:02:40.200	2014-02-27T00:44:07.467	2014-02-27T01:24:47.967	202	GSM1335709	SRR1177708.bw	215b	c("time point: post-infection", "tissue: whole blood", "infectious agent: Plasmodium falciparum (Pf)")
SRP032775	SRS562535	SRX476820	SRR1177709	71406242	71406242	1	TRUE	FALSE	71073308	6954639856	blood	esc	2014-02-26T19:02:56.453	2014-02-27T00:44:07.633	2014-02-27T01:24:48.513	202	GSM1335710	SRR1177709.bw	218a	c("time point: pre-infection", "tissue: whole blood", "infectious agent: n/a")
SRP032775	SRS562536	SRX476821	SRR1177710	68599930	68599930	1	TRUE	FALSE	68137637	6684794558	blood	esc	2014-02-26T19:02:49.687	2014-02-27T00:44:07.580	2014-02-27T01:24:48.980	202	GSM1335711	SRR1177710.bw	218b	c("time point: post-infection", "tissue: whole blood", "infectious agent: Plasmodium falciparum (Pf)")
SRP032775	SRS562537	SRX476822	SRR1177711	96282212	96282212	1	TRUE	FALSE	95092191	9367514071	blood	esc	2014-02-26T19:02:44.977	2014-02-27T00:44:07.523	2014-02-27T01:24:49.410	202	GSM1335712	SRR1177711.bw	226a	c("time point: pre-infection", "tissue: whole blood", "infectious agent: n/a")
SRP032775	SRS562538	SRX476823	SRR1177712	202685786	202685786	1	TRUE	FALSE	189644737	18381760282	blood	esc	2014-02-26T19:03:01.040	2014-02-27T00:44:07.693	2014-02-27T01:24:49.803	202	GSM1335713	SRR1177712.bw	226b	c("time point: post-infection", "tissue: whole blood", "infectious agent: Plasmodium falciparum (Pf)")
SRP032775	SRS562539	SRX476825	SRR1177714	53751216	53751216	1	TRUE	FALSE	50451178	4681167853	blood	esc	2014-02-26T19:03:05.693	2014-02-27T00:44:07.750	2014-02-27T01:24:50.730	202	GSM1335715	SRR1177714.bw	233b	c("time point: post-infection", "tissue: whole blood", "infectious agent: Plasmodium falciparum (Pf)")
SRP032775	SRS562540	SRX476824	SRR1177713	60577706	60577706	1	TRUE	FALSE	47741477	4268486354	blood	esc	2014-02-26T19:02:47.353	2014-02-27T00:44:07.550	2014-02-27T01:24:51.257	202	GSM1335714	SRR1177713.bw	233a	c("time point: pre-infection", "tissue: whole blood", "infectious agent: n/a")
SRP032775	SRS562541	SRX476826	SRR1177715	56958958	56958958	1	TRUE	FALSE	55925185	5476108840	blood	esc	2014-02-26T19:02:52.040	2014-02-27T00:44:07.607	2014-02-27T01:24:51.780	202	GSM1335716	SRR1177715.bw	245a	c("time point: pre-infection", "tissue: whole blood", "infectious agent: n/a")
SRP032775	SRS562542	SRX476827	SRR1177716	50681274	50681274	1	TRUE	FALSE	38987749	3302395595	blood	esc	2014-02-26T19:03:03.330	2014-02-27T00:44:07.720	2014-02-27T01:24:52.540	202	GSM1335717	SRR1177716.bw	245b	c("time point: post-infection", "tissue: whole blood", "infectious agent: Plasmodium falciparum (Pf)")
SRP032775	SRS562543	SRX476828	SRR1177717	88739910	88739910	1	TRUE	FALSE	87657812	8433200395	blood	esc	2014-02-26T19:02:58.797	2014-02-27T00:44:07.667	2014-02-27T01:24:53.053	202	GSM1335718	SRR1177717.bw	255a	c("time point: pre-infection", "tissue: whole blood", "infectious agent: n/a")
SRP032775	SRS562544	SRX476829	SRR1177718	134055016	134055016	1	TRUE	FALSE	91146577	8075162754	blood	esc	2014-02-26T19:03:10.277	2014-02-27T00:44:07.807	2014-02-27T01:24:53.533	202	GSM1335719	SRR1177718.bw	255b	c("time point: post-infection", "tissue: whole blood", "infectious agent: Plasmodium falciparum (Pf)")
SRP032775	SRS562545	SRX476830	SRR1177719	48498118	48498118	1	TRUE	FALSE	47718148	4713994736	blood	esc	2014-02-26T19:03:08.010	2014-02-27T00:44:07.780	2014-02-27T01:24:53.953	202	GSM1335720	SRR1177719.bw	262a	c("time point: pre-infection", "tissue: whole blood", "infectious agent: n/a")
SRP032775	SRS562546	SRX476831	SRR1177720	224488574	224488574	1	TRUE	FALSE	148832493	13338300115	blood	esc	2014-02-26T19:03:17.547	2014-02-27T00:44:07.890	2014-02-27T01:24:54.483	202	GSM1335721	SRR1177720.bw	262b	c("time point: post-infection", "tissue: whole blood", "infectious agent: Plasmodium falciparum (Pf)")
SRP032775	SRS562547	SRX476832	SRR1177721	104385422	104385422	1	TRUE	FALSE	102687897	9827926354	blood	esc	2014-02-26T19:03:15.103	2014-02-27T00:44:07.863	2014-02-27T01:24:55.057	202	GSM1335722	SRR1177721.bw	294a	c("time point: pre-infection", "tissue: whole blood", "infectious agent: n/a")
SRP032775	SRS562548	SRX476833	SRR1177722	66726604	66726604	1	TRUE	FALSE	63682372	5937391375	blood	esc	2014-02-26T19:03:12.620	2014-02-27T00:44:07.837	2014-02-27T01:24:55.717	202	GSM1335723	SRR1177722.bw	294b	c("time point: post-infection", "tissue: whole blood", "infectious agent: Plasmodium falciparum (Pf)")
SRP032775	SRS562549	SRX476834	SRR1177723	73235266	73235266	1	TRUE	FALSE	71195782	7017069200	blood	esc	2014-02-26T19:03:31.480	2014-02-27T00:44:08.047	2014-02-27T01:16:23.050	202	GSM1335724	SRR1177723.bw	307a	c("time point: pre-infection", "tissue: whole blood", "infectious agent: n/a")
SRP032775	SRS562550	SRX476836	SRR1177725	75613254	75613254	1	TRUE	FALSE	73774746	7198473659	blood	esc	2014-02-26T19:03:36.140	2014-02-27T00:44:08.100	2014-02-27T01:21:16.427	202	GSM1335726	SRR1177725.bw	321a	c("time point: pre-infection", "tissue: whole blood", "infectious agent: n/a")
SRP032775	SRS562551	SRX476835	SRR1177724	141471536	141471536	1	TRUE	FALSE	137263508	12790996264	blood	esc	2014-02-26T19:03:19.997	2014-02-27T00:44:07.917	2014-02-27T01:21:16.847	202	GSM1335725	SRR1177724.bw	307b	c("time point: post-infection", "tissue: whole blood", "infectious agent: Plasmodium falciparum (Pf)")
SRP032775	SRS562552	SRX476837	SRR1177726	103578086	103578086	1	TRUE	FALSE	87269722	8119023915	blood	esc	2014-02-26T19:03:49.073	2014-02-27T00:44:08.233	2014-02-27T01:21:17.333	202	GSM1335727	SRR1177726.bw	321b	c("time point: post-infection", "tissue: whole blood", "infectious agent: Plasmodium falciparum (Pf)")
SRP032775	SRS562553	SRX476838	SRR1177727	56104854	56104854	1	TRUE	FALSE	53196544	5101623799	blood	esc	2014-02-26T19:03:22.310	2014-02-27T00:44:07.940	2014-02-27T01:21:17.780	202	GSM1335728	SRR1177727.bw	322a	c("time point: pre-infection", "tissue: whole blood", "infectious agent: n/a")
SRP032775	SRS562554	SRX476839	SRR1177728	103997276	103997276	1	TRUE	FALSE	91873531	8376917398	blood	esc	2014-02-26T19:03:33.720	2014-02-27T00:44:08.073	2014-02-27T01:21:18.177	202	GSM1335729	SRR1177728.bw	322b	c("time point: post-infection", "tissue: whole blood", "infectious agent: Plasmodium falciparum (Pf)")
SRP032775	SRS562555	SRX476840	SRR1177729	86075740	86075740	1	TRUE	FALSE	83792477	8026720592	blood	esc	2014-02-26T19:03:44.340	2014-02-27T00:44:08.180	2014-02-27T01:21:18.560	202	GSM1335730	SRR1177729.bw	340a	c("time point: pre-infection", "tissue: whole blood", "infectious agent: n/a")
SRP032775	SRS562556	SRX476841	SRR1177730	99136034	99136034	1	TRUE	FALSE	82478278	7647805327	blood	esc	2014-02-26T19:03:26.933	2014-02-27T00:44:07.993	2014-02-27T01:21:18.963	202	GSM1335731	SRR1177730.bw	340b	c("time point: post-infection", "tissue: whole blood", "infectious agent: Plasmodium falciparum (Pf)")
SRP032775	SRS562557	SRX476842	SRR1177731	131774152	131774152	1	TRUE	FALSE	130853200	12516251676	blood	esc	2014-02-26T19:03:38.597	2014-02-27T00:44:08.127	2014-02-27T01:21:19.367	202	GSM1335732	SRR1177731.bw	353a	c("time point: pre-infection", "tissue: whole blood", "infectious agent: n/a")
SRP032775	SRS562558	SRX476843	SRR1177732	73917000	73917000	1	TRUE	FALSE	73338857	7133995899	blood	esc	2014-02-26T19:03:41.050	2014-02-27T00:44:08.153	2014-02-27T01:21:19.760	202	GSM1335733	SRR1177732.bw	353b	c("time point: post-infection", "tissue: whole blood", "infectious agent: Plasmodium falciparum (Pf)")
SRP032775	SRS562559	SRX476844	SRR1177733	87488114	87488114	1	TRUE	FALSE	83946799	8161997810	blood	esc	2014-02-26T19:03:46.740	2014-02-27T00:44:08.207	2014-02-27T01:21:20.123	202	GSM1335734	SRR1177733.bw	370a	c("time point: pre-infection", "tissue: whole blood", "infectious agent: n/a")
SRP032775	SRS562560	SRX476845	SRR1177734	80982188	80982188	1	TRUE	FALSE	77085729	7147874098	blood	esc	2014-02-26T19:03:51.397	2014-02-27T00:44:08.260	2014-02-27T01:21:20.487	202	GSM1335735	SRR1177734.bw	370b	c("time point: post-infection", "tissue: whole blood", "infectious agent: Plasmodium falciparum (Pf)")
SRP032775	SRS562561	SRX476846	SRR1177735	93395900	93395900	1	TRUE	FALSE	89312100	8137900904	blood	esc	2014-02-26T19:03:58.330	2014-02-27T00:44:08.340	2014-02-27T01:21:20.803	202	GSM1335736	SRR1177735.bw	380a	c("time point: pre-infection", "tissue: whole blood", "infectious agent: n/a")
SRP032775	SRS562562	SRX476847	SRR1177736	114804732	114804732	1	TRUE	FALSE	111051248	10440453787	blood	esc	2014-02-26T19:03:53.783	2014-02-27T00:44:08.287	2014-02-27T01:21:21.140	202	GSM1335737	SRR1177736.bw	380b	c("time point: post-infection", "tissue: whole blood", "infectious agent: Plasmodium falciparum (Pf)")
SRP032775	SRS562563	SRX476848	SRR1177737	62619998	62619998	1	TRUE	FALSE	59368678	5737125136	blood	esc	2014-02-26T19:03:56.057	2014-02-27T00:44:08.313	2014-02-27T01:16:23.600	202	GSM1335738	SRR1177737.bw	382a	c("time point: pre-infection", "tissue: whole blood", "infectious agent: n/a")
SRP032775	SRS562564	SRX476849	SRR1177738	30434656	30434656	1	TRUE	FALSE	26457161	2526242434	blood	esc	2014-02-26T19:04:00.690	2014-02-27T00:44:08.370	2014-02-27T01:24:56.460	202	GSM1335739	SRR1177738.bw	382b	c("time point: post-infection", "tissue: whole blood", "infectious agent: Plasmodium falciparum (Pf)")
SRP032775	SRS562565	SRX476850	SRR1177739	145876500	145876500	1	TRUE	FALSE	144140702	13849628360	blood	esc	2014-02-26T19:04:05.533	2014-02-27T00:44:08.433	2014-02-27T01:24:57.033	202	GSM1335740	SRR1177739.bw	391a	c("time point: pre-infection", "tissue: whole blood", "infectious agent: n/a")
SRP032775	SRS562566	SRX476851	SRR1177740	142981488	142981488	1	TRUE	FALSE	141635609	13757025288	blood	esc	2014-02-26T19:04:03.083	2014-02-27T00:44:08.400	2014-02-27T01:24:57.573	202	GSM1335741	SRR1177740.bw	391b	c("time point: post-infection", "tissue: whole blood", "infectious agent: Plasmodium falciparum (Pf)")
SRP032775	SRS562567	SRX476852	SRR1177741	127270806	127270806	1	TRUE	FALSE	125864197	11910876876	blood	esc	2014-02-26T19:04:12.527	2014-02-27T00:44:08.530	2014-02-27T01:16:24.143	202	GSM1335742	SRR1177741.bw	392a	c("time point: pre-infection", "tissue: whole blood", "infectious agent: n/a")
SRP032775	SRS562568	SRX476853	SRR1177742	113100840	113100840	1	TRUE	FALSE	111188798	10775763092	blood	esc	2014-02-26T19:04:07.917	2014-02-27T00:44:08.467	2014-02-27T01:16:24.593	202	GSM1335743	SRR1177742.bw	392b	c("time point: post-infection", "tissue: whole blood", "infectious agent: Plasmodium falciparum (Pf)")
SRP032775	SRS562569	SRX476854	SRR1177743	96212146	96212146	1	TRUE	FALSE	95835909	9255927604	blood	esc	2014-02-26T19:04:10.263	2014-02-27T00:44:08.500	2014-02-27T01:16:25.077	202	GSM1335744	SRR1177743.bw	396a	c("time point: pre-infection", "tissue: whole blood", "infectious agent: n/a")
SRP032775	SRS562570	SRX476855	SRR1177744	109193016	109193016	1	TRUE	FALSE	103729821	9813800767	blood	esc	2014-02-26T19:04:25.003	2014-02-27T00:44:08.720	2014-02-27T01:16:25.510	202	GSM1335745	SRR1177744.bw	396b	c("time point: post-infection", "tissue: whole blood", "infectious agent: Plasmodium falciparum (Pf)")
SRP032775	SRS562571	SRX476856	SRR1177745	82680456	82680456	1	TRUE	FALSE	80735176	7486694991	blood	esc	2014-02-26T19:04:22.140	2014-02-27T00:44:08.687	2014-02-27T01:16:26.030	202	GSM1335746	SRR1177745.bw	433a	c("time point: pre-infection", "tissue: whole blood", "infectious agent: n/a")
SRP032775	SRS562572	SRX476857	SRR1177746	77300626	77300626	1	TRUE	FALSE	76531857	7444884528	blood	esc	2014-02-26T19:04:17.223	2014-02-27T00:44:08.620	2014-02-27T01:16:26.727	202	GSM1335747	SRR1177746.bw	433b	c("time point: post-infection", "tissue: whole blood", "infectious agent: Plasmodium falciparum (Pf)")
SRP032775	SRS562573	SRX476858	SRR1177747	73786494	73786494	1	TRUE	FALSE	73159363	7152752492	blood	esc	2014-02-26T19:04:19.720	2014-02-27T00:44:08.653	2014-02-27T01:16:27.217	202	GSM1335748	SRR1177747.bw	464a	c("time point: pre-infection", "tissue: whole blood", "infectious agent: n/a")
SRP032775	SRS562574	SRX476859	SRR1177748	59465764	59465764	1	TRUE	FALSE	26517712	1943480596	blood	esc	2014-02-26T19:04:14.883	2014-02-27T00:44:08.587	2014-02-27T01:16:27.753	202	GSM1335749	SRR1177748.bw	464b	c("time point: post-infection", "tissue: whole blood", "infectious agent: Plasmodium falciparum (Pf)")
SRP032775	SRS562575	SRX476860	SRR1177749	82701434	82701434	1	TRUE	FALSE	82441480	8078962552	blood	esc	2014-02-26T19:04:29.693	2014-02-27T00:44:08.787	2014-02-27T01:16:28.290	202	GSM1335750	SRR1177749.bw	468a	c("time point: pre-infection", "tissue: whole blood", "infectious agent: n/a")
SRP032775	SRS562576	SRX476861	SRR1177750	96413880	96413880	1	TRUE	FALSE	94650866	9227377597	blood	esc	2014-02-26T19:04:31.983	2014-02-27T00:44:08.820	2014-02-27T01:16:28.903	202	GSM1335751	SRR1177750.bw	468b	c("time point: post-infection", "tissue: whole blood", "infectious agent: Plasmodium falciparum (Pf)")
SRP032775	SRS562577	SRX476862	SRR1177751	94673748	94673748	1	TRUE	FALSE	94161951	9228625664	blood	esc	2014-02-26T19:04:27.330	2014-02-27T00:44:08.753	2014-02-27T01:16:29.430	202	GSM1335752	SRR1177751.bw	475a	c("time point: pre-infection", "tissue: whole blood", "infectious agent: n/a")
SRP032775	SRS562578	SRX476863	SRR1177752	110231372	110231372	1	TRUE	FALSE	109745723	10758266344	blood	esc	2014-02-26T19:04:34.317	2014-02-27T00:44:08.853	2014-02-27T01:16:29.973	202	GSM1335753	SRR1177752.bw	475b	c("time point: post-infection", "tissue: whole blood", "infectious agent: Plasmodium falciparum (Pf)")
SRP032775	SRS562579	SRX476864	SRR1177753	92864930	92864930	1	TRUE	FALSE	92476202	9095271032	blood	esc	2014-02-26T19:04:38.950	2014-02-27T00:44:08.923	2014-02-27T01:16:31.410	202	GSM1335754	SRR1177753.bw	477a	c("time point: pre-infection", "tissue: whole blood", "infectious agent: n/a")
SRP032775	SRS562580	SRX476865	SRR1177754	108204714	108204714	1	TRUE	FALSE	106710728	10503265697	blood	esc	2014-02-26T19:04:36.713	2014-02-27T00:44:08.887	2014-02-27T01:16:31.960	202	GSM1335755	SRR1177754.bw	477b	c("time point: post-infection", "tissue: whole blood", "infectious agent: Plasmodium falciparum (Pf)")
SRP032775	SRS562581	SRX476866	SRR1177755	42301526	42301526	1	TRUE	FALSE	41763944	3799951798	blood	esc	2014-02-26T19:03:24.600	2014-02-27T00:44:07.967	2014-02-27T01:21:21.450	202	GSM1335756	SRR1177755.bw	487a	c("time point: pre-infection", "tissue: whole blood", "infectious agent: n/a")
SRP032775	SRS562582	SRX476867	SRR1177756	85017716	85017716	1	TRUE	FALSE	83125735	7249619640	blood	esc	2014-02-26T19:03:29.213	2014-02-27T00:44:08.020	2014-02-27T01:16:32.547	202	GSM1335757	SRR1177756.bw	487b	c("time point: post-infection", "tissue: whole blood", "infectious agent: Plasmodium falciparum (Pf)")
SRP032775	SRS562525	SRX476810	SRR1177699	174665850	0	0	TRUE	FALSE	0	NA	blood	esc	2014-02-26T19:02:16.847	2014-02-27T00:44:07.153	2014-02-27T01:24:43.890	202	GSM1335700	NA	184a	c("time point: pre-infection", "tissue: whole blood", "infectious agent: n/a")
